"Web Map Service",	"cdb4a032-bb7d-455d-b3dc-e88fa465b7c7",	"Web Services > Information Management Services > Web Map Service",	"regular",	"Earth Science Services > Web Services > Information Management Services > Web Map Service"
"Information Management Services",	"46c929ad-8729-4484-8dc5-0a58a4e696a6",	"Web Services > Information Management Services",	"regular",	"Earth Science Services > Web Services > Information Management Services"
"Web 3D Service",	"4a07f23e-e3f7-4cda-880f-c8cdc6b33e37",	"Web Services > Data Processing Services > Web 3D Service",	"regular",	"Earth Science Services > Web Services > Data Processing Services > Web 3D Service"
"Geolinking Service",	"2a2db13c-c86d-40ea-9fa8-6d2d5bdac08e",	"Web Services > Data Processing Services > Geolinking Service",	"regular",	"Earth Science Services > Web Services > Data Processing Services > Geolinking Service"
"Geolinked Data Access Service",	"8ca62ed6-d6e9-4ab0-97ef-138b0f83f597",	"Web Services > Data Processing Services > Geolinked Data Access Service",	"regular",	"Earth Science Services > Web Services > Data Processing Services > Geolinked Data Access Service"
"Format Conversion Services",	"85b1ed02-700a-4591-b2f7-c997a676332c",	"Web Services > Data Processing Services > Format Conversion Services",	"regular",	"Earth Science Services > Web Services > Data Processing Services > Format Conversion Services"
"Data Processing Services",	"431eca76-9d34-4f86-b1d3-a0b40221e905",	"Web Services > Data Processing Services",	"regular",	"Earth Science Services > Web Services > Data Processing Services"
"Web Portal Services",	"6d77e9d1-d2d1-4b57-a313-0e01e22f799d",	"Web Services > Data Application Services > Web Portal Services",	"regular",	"Earth Science Services > Web Services > Data Application Services > Web Portal Services"
"Geographic Data Management Services",	"75fbafb0-1f0e-47b3-a9c7-e56dea4b0e91",	"Web Services > Data Application Services > Geographic Data Management Services",	"regular",	"Earth Science Services > Web Services > Data Application Services > Geographic Data Management Services"
"Geographic Data Discovery Services",	"9047c8f5-3e5a-4073-8cf5-7f4d5ef783d1",	"Web Services > Data Application Services > Geographic Data Discovery Services",	"regular",	"Earth Science Services > Web Services > Data Application Services > Geographic Data Discovery Services"
"Data Application Services",	"12a00b9e-52b3-44d0-bbfc-d8bb74173323",	"Web Services > Data Application Services",	"regular",	"Earth Science Services > Web Services > Data Application Services"
"Web Services",	"1d550f3a-1c8c-4ef5-beff-74cfe7794f12",	"Web Services",	"bold",	"Earth Science Services > Web Services"
"Knowledge/Decision Systems",	"20ed3fa4-20fa-4531-8b02-dceda8eac81f",	"Reference And Information Services > Knowledge/Decision Systems",	"regular",	"Earth Science Services > Reference And Information Services > Knowledge/Decision Systems"
"Bibliographic",	"80a8ca6d-8471-4d49-a99c-fa5954d93a55",	"Reference And Information Services > Bibliographic",	"regular",	"Earth Science Services > Reference And Information Services > Bibliographic"
"Reference And Information Services",	"a3a5d0dd-0e8f-4649-8a55-25f9251e1008",	"Reference And Information Services",	"bold",	"Earth Science Services > Reference And Information Services"
"Social And Economic Models",	"9a1dd3c3-a126-437e-ad04-9dc0a382d567",	"Models > Social And Economic Models",	"regular",	"Earth Science Services > Models > Social And Economic Models"
"Hydrologic And Terrestrial Water Cycle Models",	"2eb094d5-70bc-49fa-acb6-4ad07f4c7b08",	"Models > Hydrologic And Terrestrial Water Cycle Models",	"regular",	"Earth Science Services > Models > Hydrologic And Terrestrial Water Cycle Models"
"Geologic/Tectonic/Paleoclimate Models",	"f96bf6c8-2f34-412a-b734-b2644f08a329",	"Models > Geologic/Tectonic/Paleoclimate Models",	"regular",	"Earth Science Services > Models > Geologic/Tectonic/Paleoclimate Models"
"Dynamic Vegetation/Ecosystem Models",	"adfee6d2-ca00-4f02-a570-5ccf0850cb55",	"Models > Dynamic Vegetation/Ecosystem Models",	"regular",	"Earth Science Services > Models > Dynamic Vegetation/Ecosystem Models"
"Models",	"e1f20631-b5b9-438c-b5c2-b1fa0fce100a",	"Models",	"bold",	"Earth Science Services > Models"
"Metadata Transformation/Conversion",	"f29a3482-de42-4027-b5f4-87a3f7cd28af",	"Metadata Handling > Metadata Transformation/Conversion",	"regular",	"Earth Science Services > Metadata Handling > Metadata Transformation/Conversion"
"Data Discovery",	"90c21a67-6703-4b59-96ee-c2c602652c80",	"Metadata Handling > Data Discovery",	"regular",	"Earth Science Services > Metadata Handling > Data Discovery"
"Authoring Tools",	"5aad0680-cae2-402b-8311-3fb4ddc892bd",	"Metadata Handling > Authoring Tools",	"regular",	"Earth Science Services > Metadata Handling > Authoring Tools"
"Metadata Handling",	"a1fedfa9-569f-4313-8ce1-db95513c5469",	"Metadata Handling",	"bold",	"Earth Science Services > Metadata Handling"
"Interactive Programs",	"247b151a-2f56-41f9-8a19-51e34a64d61e",	"Education/Outreach > Interactive Programs",	"regular",	"Earth Science Services > Education/Outreach > Interactive Programs"
"Exhibit Materials",	"9f8a6a52-df35-487d-9a74-74b76943e0c0",	"Education/Outreach > Exhibit Materials",	"regular",	"Earth Science Services > Education/Outreach > Exhibit Materials"
"Lesson Plans",	"fc889d75-41f3-4f36-b461-1100536c8f50",	"Education/Outreach > Curriculum Support > Lesson Plans",	"regular",	"Earth Science Services > Education/Outreach > Curriculum Support > Lesson Plans"
"Classroom Activities",	"f85293fe-eb9d-491a-bba8-46261a38b9bf",	"Education/Outreach > Curriculum Support > Classroom Activities",	"regular",	"Earth Science Services > Education/Outreach > Curriculum Support > Classroom Activities"
"Curriculum Support",	"97675827-9b0a-4d13-a795-d4a3e78c476a",	"Education/Outreach > Curriculum Support",	"regular",	"Earth Science Services > Education/Outreach > Curriculum Support"
"Education/Outreach",	"dc2088f9-ffb7-41c3-b0a1-856ecfec89de",	"Education/Outreach",	"bold",	"Earth Science Services > Education/Outreach"
"Transformation/Conversion",	"31ab3c10-1f10-4372-82d4-4c0c4be5999f",	"Data Management/Data Handling > Transformation/Conversion",	"regular",	"Earth Science Services > Data Management/Data Handling > Transformation/Conversion"
"Subsetting/Supersetting",	"cc9e67fc-eafa-43cc-879f-0cb56b25bc39",	"Data Management/Data Handling > Subsetting/Supersetting",	"regular",	"Earth Science Services > Data Management/Data Handling > Subsetting/Supersetting"
"Media Transfer/Data Rescue",	"fc757c55-83b4-400e-9d23-25bcad230603",	"Data Management/Data Handling > Media Transfer/Data Rescue",	"regular",	"Earth Science Services > Data Management/Data Handling > Media Transfer/Data Rescue"
"Data Search And Retrieval",	"86cbb2d3-6783-4d9b-9dc1-b0aea78f98ea",	"Data Management/Data Handling > Data Search And Retrieval",	"regular",	"Earth Science Services > Data Management/Data Handling > Data Search And Retrieval"
"Data Mining",	"07291e32-fd39-45e8-a603-7443cb780976",	"Data Management/Data Handling > Data Mining",	"regular",	"Earth Science Services > Data Management/Data Handling > Data Mining"
"Data Interoperability",	"0f3573bc-3cb7-4cec-a5bb-1bb6b7ab9057",	"Data Management/Data Handling > Data Interoperability",	"regular",	"Earth Science Services > Data Management/Data Handling > Data Interoperability"
"Data Management/Data Handling",	"02d92216-70c6-437c-8c15-2b76f2132921",	"Data Management/Data Handling",	"bold",	"Earth Science Services > Data Management/Data Handling"
"Visualization/Image Processing",	"4698858b-bf39-4a2c-9713-e41757739eff",	"Data Analysis And Visualization > Visualization/Image Processing",	"regular",	"Earth Science Services > Data Analysis And Visualization > Visualization/Image Processing"
"Statistical Applications",	"997dc5a6-d83f-4d59-8c5a-1d901b069830",	"Data Analysis And Visualization > Statistical Applications",	"regular",	"Earth Science Services > Data Analysis And Visualization > Statistical Applications"
"Geographic Information Systems",	"794e3c3b-791f-44de-9ff3-358d8ed74733",	"Data Analysis And Visualization > Geographic Information Systems",	"regular",	"Earth Science Services > Data Analysis And Visualization > Geographic Information Systems"
"Calibration/Validation",	"4f938731-d686-4d89-b72b-ff60474bb1f0",	"Data Analysis And Visualization > Calibration/Validation",	"regular",	"Earth Science Services > Data Analysis And Visualization > Calibration/Validation"
"Data Analysis And Visualization",	"41adc080-c182-4753-9666-435f8b1c913f",	"Data Analysis And Visualization",	"bold",	"Earth Science Services > Data Analysis And Visualization"
"Earth Science Services",	"894f9116-ae3c-40b6-981d-5113de961710",	"Earth Science Services",	"bold",	"Earth Science Services"
"Water Trace Elements",	"475c95a4-fd1c-4015-825f-07f6529858b0",	"Terrestrial Hydrosphere > Water Quality/Water Chemistry > Water Trace Elements",	"regular",	"Earth Science > Terrestrial Hydrosphere > Water Quality/Water Chemistry > Water Trace Elements"
"Water Temperature",	"61594015-4ab4-4b38-ae4f-e31a4757b065",	"Terrestrial Hydrosphere > Water Quality/Water Chemistry > Water Temperature",	"regular",	"Earth Science > Terrestrial Hydrosphere > Water Quality/Water Chemistry > Water Temperature"
"Water Potability",	"dac96944-5a5e-4b2a-802d-74627bb93db9",	"Terrestrial Hydrosphere > Water Quality/Water Chemistry > Water Potability",	"regular",	"Earth Science > Terrestrial Hydrosphere > Water Quality/Water Chemistry > Water Potability"
"Water Ion Concentration",	"4cc8def9-a825-4ede-9e34-4e11cf89488d",	"Terrestrial Hydrosphere > Water Quality/Water Chemistry > Water Ion Concentration",	"regular",	"Earth Science > Terrestrial Hydrosphere > Water Quality/Water Chemistry > Water Ion Concentration"
"Turbidity",	"0eaf009f-f92b-48b5-8a71-9c44c80d03d4",	"Terrestrial Hydrosphere > Water Quality/Water Chemistry > Turbidity",	"regular",	"Earth Science > Terrestrial Hydrosphere > Water Quality/Water Chemistry > Turbidity"
"Trace Metals",	"f2d6aa01-5070-4147-bae1-4b2cad2c3987",	"Terrestrial Hydrosphere > Water Quality/Water Chemistry > Trace Metals",	"regular",	"Earth Science > Terrestrial Hydrosphere > Water Quality/Water Chemistry > Trace Metals"
"Toxic Chemicals",	"bf3aaf41-3502-49cf-89df-4613ce87c9c3",	"Terrestrial Hydrosphere > Water Quality/Water Chemistry > Toxic Chemicals",	"regular",	"Earth Science > Terrestrial Hydrosphere > Water Quality/Water Chemistry > Toxic Chemicals"
"Suspended Solids",	"9d8cb1dd-4b38-4b4e-8532-ab4eb72cd4ae",	"Terrestrial Hydrosphere > Water Quality/Water Chemistry > Suspended Solids",	"regular",	"Earth Science > Terrestrial Hydrosphere > Water Quality/Water Chemistry > Suspended Solids"
"Stable Isotopes",	"fb52b51d-8bb4-4b04-907b-c130ec706f85",	"Terrestrial Hydrosphere > Water Quality/Water Chemistry > Stable Isotopes",	"regular",	"Earth Science > Terrestrial Hydrosphere > Water Quality/Water Chemistry > Stable Isotopes"
"Radioisotopes",	"6f4e850f-84e4-466f-b5ad-2032ea2187ea",	"Terrestrial Hydrosphere > Water Quality/Water Chemistry > Radioisotopes",	"regular",	"Earth Science > Terrestrial Hydrosphere > Water Quality/Water Chemistry > Radioisotopes"
"Phosphorous Compounds",	"846d2db9-41cd-4ae8-b4ff-a34a9efb7428",	"Terrestrial Hydrosphere > Water Quality/Water Chemistry > Phosphorous Compounds",	"regular",	"Earth Science > Terrestrial Hydrosphere > Water Quality/Water Chemistry > Phosphorous Compounds"
"Ph",	"14625f2a-4186-4377-a0d9-88998bb6b775",	"Terrestrial Hydrosphere > Water Quality/Water Chemistry > Ph",	"regular",	"Earth Science > Terrestrial Hydrosphere > Water Quality/Water Chemistry > Ph"
"Oxygen",	"b632d0cc-d4b0-458e-a182-16bbd2a5ab05",	"Terrestrial Hydrosphere > Water Quality/Water Chemistry > Oxygen",	"regular",	"Earth Science > Terrestrial Hydrosphere > Water Quality/Water Chemistry > Oxygen"
"Organic Matter",	"9c90825c-a35f-4165-8248-e90ab869f8ec",	"Terrestrial Hydrosphere > Water Quality/Water Chemistry > Organic Matter",	"regular",	"Earth Science > Terrestrial Hydrosphere > Water Quality/Water Chemistry > Organic Matter"
"Nutrients",	"1459a39c-4781-4481-8bd9-510762865efd",	"Terrestrial Hydrosphere > Water Quality/Water Chemistry > Nutrients",	"regular",	"Earth Science > Terrestrial Hydrosphere > Water Quality/Water Chemistry > Nutrients"
"Nitrogen Compounds",	"644e0f53-98a2-4512-a228-00f5e61fd93d",	"Terrestrial Hydrosphere > Water Quality/Water Chemistry > Nitrogen Compounds",	"regular",	"Earth Science > Terrestrial Hydrosphere > Water Quality/Water Chemistry > Nitrogen Compounds"
"Inorganic Matter",	"e848dbd1-b70a-4820-a630-98bd642ae357",	"Terrestrial Hydrosphere > Water Quality/Water Chemistry > Inorganic Matter",	"regular",	"Earth Science > Terrestrial Hydrosphere > Water Quality/Water Chemistry > Inorganic Matter"
"Hydrocarbons",	"aef23021-81c1-4540-a0a5-35c590142a6d",	"Terrestrial Hydrosphere > Water Quality/Water Chemistry > Hydrocarbons",	"regular",	"Earth Science > Terrestrial Hydrosphere > Water Quality/Water Chemistry > Hydrocarbons"
"Dissolved Solids",	"7d82a1f7-aa6e-47c7-8eb3-78bfe2e4349b",	"Terrestrial Hydrosphere > Water Quality/Water Chemistry > Dissolved Solids",	"regular",	"Earth Science > Terrestrial Hydrosphere > Water Quality/Water Chemistry > Dissolved Solids"
"Dissolved Gases",	"ac933400-3c8c-4db4-ac68-5e8ed06c8336",	"Terrestrial Hydrosphere > Water Quality/Water Chemistry > Dissolved Gases",	"regular",	"Earth Science > Terrestrial Hydrosphere > Water Quality/Water Chemistry > Dissolved Gases"
"Contaminants",	"42c6d91b-afef-4638-95c5-0d130828b2e7",	"Terrestrial Hydrosphere > Water Quality/Water Chemistry > Contaminants",	"regular",	"Earth Science > Terrestrial Hydrosphere > Water Quality/Water Chemistry > Contaminants"
"Conductivity",	"d14389d9-54f5-41a0-b8e8-dc9d8f87e4e2",	"Terrestrial Hydrosphere > Water Quality/Water Chemistry > Conductivity",	"regular",	"Earth Science > Terrestrial Hydrosphere > Water Quality/Water Chemistry > Conductivity"
"Chlorophyll",	"de21632f-b614-4375-8f09-d14ab00d852b",	"Terrestrial Hydrosphere > Water Quality/Water Chemistry > Chlorophyll",	"regular",	"Earth Science > Terrestrial Hydrosphere > Water Quality/Water Chemistry > Chlorophyll"
"Carbon Dioxide",	"a9b89557-c09f-4a4a-a1eb-47c632f8eb59",	"Terrestrial Hydrosphere > Water Quality/Water Chemistry > Carbon Dioxide",	"regular",	"Earth Science > Terrestrial Hydrosphere > Water Quality/Water Chemistry > Carbon Dioxide"
"Alkalinity",	"a74059fe-6b15-4b55-8ea5-4a65b66c7e11",	"Terrestrial Hydrosphere > Water Quality/Water Chemistry > Alkalinity",	"regular",	"Earth Science > Terrestrial Hydrosphere > Water Quality/Water Chemistry > Alkalinity"
"Acid Deposition",	"62ee81e7-9f5a-4af5-a086-f4c402c7d19d",	"Terrestrial Hydrosphere > Water Quality/Water Chemistry > Acid Deposition",	"regular",	"Earth Science > Terrestrial Hydrosphere > Water Quality/Water Chemistry > Acid Deposition"
"Water Quality/Water Chemistry",	"8c02f5d1-ce86-4bf5-84d5-b3496cdba6ad",	"Terrestrial Hydrosphere > Water Quality/Water Chemistry",	"bold",	"Earth Science > Terrestrial Hydrosphere > Water Quality/Water Chemistry"
"Watershed Drainage",	"ae36ad48-85f2-42a0-958f-efec71c34cc0",	"Terrestrial Hydrosphere > Surface Water > Watershed Characteristics > Watershed Drainage",	"regular",	"Earth Science > Terrestrial Hydrosphere > Surface Water > Watershed Characteristics > Watershed Drainage"
"Watershed Boundaries",	"b98123fc-6a87-4396-8e1a-ae7406e76ff6",	"Terrestrial Hydrosphere > Surface Water > Watershed Characteristics > Watershed Boundaries",	"regular",	"Earth Science > Terrestrial Hydrosphere > Surface Water > Watershed Characteristics > Watershed Boundaries"
"Watershed Characteristics",	"c84b61fe-720a-4240-b6c8-8dcc9ae24a36",	"Terrestrial Hydrosphere > Surface Water > Watershed Characteristics",	"regular",	"Earth Science > Terrestrial Hydrosphere > Surface Water > Watershed Characteristics"
"Runoff",	"f6a54329-486b-4d5f-b105-c639cec42351",	"Terrestrial Hydrosphere > Surface Water > Surface Water Processes/Measurements > Runoff",	"regular",	"Earth Science > Terrestrial Hydrosphere > Surface Water > Surface Water Processes/Measurements > Runoff"
"Inundation",	"c6c0c5dd-c0ca-4670-bbaa-c22d39e73570",	"Terrestrial Hydrosphere > Surface Water > Surface Water Processes/Measurements > Inundation",	"regular",	"Earth Science > Terrestrial Hydrosphere > Surface Water > Surface Water Processes/Measurements > Inundation"
"Surface Water Processes/Measurements",	"9d86cd70-062a-4c39-b3f3-226abebc07f7",	"Terrestrial Hydrosphere > Surface Water > Surface Water Processes/Measurements",	"regular",	"Earth Science > Terrestrial Hydrosphere > Surface Water > Surface Water Processes/Measurements"
"Drainage Basins",	"272700c5-d762-452b-8e9f-130e3a51efb5",	"Terrestrial Hydrosphere > Surface Water > Surface Water Features > Drainage Basins",	"regular",	"Earth Science > Terrestrial Hydrosphere > Surface Water > Surface Water Features > Drainage Basins"
"Surface Water Features",	"959f1861-a776-41b1-ba6b-d23c71d4d1eb",	"Terrestrial Hydrosphere > Surface Water > Surface Water Features",	"regular",	"Earth Science > Terrestrial Hydrosphere > Surface Water > Surface Water Features"
"Surface Water Chemistry",	"1baa552d-c563-43fb-b618-54651f8b07e6",	"Terrestrial Hydrosphere > Surface Water > Surface Water Chemistry",	"regular",	"Earth Science > Terrestrial Hydrosphere > Surface Water > Surface Water Chemistry"
"Surface Water",	"5debb283-51e4-435e-b2a2-e8e2a977220d",	"Terrestrial Hydrosphere > Surface Water",	"bold",	"Earth Science > Terrestrial Hydrosphere > Surface Water"
"Groundwater Chemistry",	"8435030e-8d16-409f-a812-ace5d8ffc122",	"Terrestrial Hydrosphere > Ground Water > Groundwater Chemistry",	"regular",	"Earth Science > Terrestrial Hydrosphere > Ground Water > Groundwater Chemistry"
"Subsurface Flow",	"872a0464-884c-4d6f-8f06-0679329dadcc",	"Terrestrial Hydrosphere > Ground Water > Ground Water Processes/Measurements > Subsurface Flow",	"regular",	"Earth Science > Terrestrial Hydrosphere > Ground Water > Ground Water Processes/Measurements > Subsurface Flow"
"Saltwater Intrusion",	"4a11a257-99c6-4f87-8884-2a2aa46a49fa",	"Terrestrial Hydrosphere > Ground Water > Ground Water Processes/Measurements > Saltwater Intrusion",	"regular",	"Earth Science > Terrestrial Hydrosphere > Ground Water > Ground Water Processes/Measurements > Saltwater Intrusion"
"Percolation",	"d64094ae-774b-4435-8f2e-a54d114e5555",	"Terrestrial Hydrosphere > Ground Water > Ground Water Processes/Measurements > Percolation",	"regular",	"Earth Science > Terrestrial Hydrosphere > Ground Water > Ground Water Processes/Measurements > Percolation"
"Land Subsidence",	"a1bf1e84-c4e7-4154-ad0a-4b9eedf45066",	"Terrestrial Hydrosphere > Ground Water > Ground Water Processes/Measurements > Land Subsidence",	"regular",	"Earth Science > Terrestrial Hydrosphere > Ground Water > Ground Water Processes/Measurements > Land Subsidence"
"Infiltration",	"638a22af-4e97-450e-a278-b81338443230",	"Terrestrial Hydrosphere > Ground Water > Ground Water Processes/Measurements > Infiltration",	"regular",	"Earth Science > Terrestrial Hydrosphere > Ground Water > Ground Water Processes/Measurements > Infiltration"
"Drainage",	"6a2107ab-38ab-42dc-beb0-8ba5f65e8022",	"Terrestrial Hydrosphere > Ground Water > Ground Water Processes/Measurements > Drainage",	"regular",	"Earth Science > Terrestrial Hydrosphere > Ground Water > Ground Water Processes/Measurements > Drainage"
"Dispersion",	"d2d4ee50-99ed-4ee7-b957-22271a60c031",	"Terrestrial Hydrosphere > Ground Water > Ground Water Processes/Measurements > Dispersion",	"regular",	"Earth Science > Terrestrial Hydrosphere > Ground Water > Ground Water Processes/Measurements > Dispersion"
"Submarine Groundwater Discharge (Sgd)",	"0976b778-91be-40e7-9ed7-ebbf214bb818_Variable-Level-3-added-by-Ouida-Meier-20170809",	"Terrestrial Hydrosphere > Ground Water > Ground Water Processes/Measurements > Discharge > Submarine Groundwater Discharge (Sgd)",	"regular",	"Earth Science > Terrestrial Hydrosphere > Ground Water > Ground Water Processes/Measurements > Discharge > Submarine Groundwater Discharge (Sgd)"
"Discharge",	"0976b778-91be-40e7-9ed7-ebbf214bb818",	"Terrestrial Hydrosphere > Ground Water > Ground Water Processes/Measurements > Discharge",	"regular",	"Earth Science > Terrestrial Hydrosphere > Ground Water > Ground Water Processes/Measurements > Discharge"
"Aquifer Depth",	"ee3893bc-f0d6-445a-8982-f852785d5768",	"Terrestrial Hydrosphere > Ground Water > Ground Water Processes/Measurements > Aquifer Recharge > Aquifer Depth",	"regular",	"Earth Science > Terrestrial Hydrosphere > Ground Water > Ground Water Processes/Measurements > Aquifer Recharge > Aquifer Depth"
"Aquifer Recharge",	"dbeaaf9f-294c-4e45-ba9e-7be8cd449db1",	"Terrestrial Hydrosphere > Ground Water > Ground Water Processes/Measurements > Aquifer Recharge",	"regular",	"Earth Science > Terrestrial Hydrosphere > Ground Water > Ground Water Processes/Measurements > Aquifer Recharge"
"Ground Water Processes/Measurements",	"6e4b29b7-a0c9-4e8e-b778-23b50cf8efb8",	"Terrestrial Hydrosphere > Ground Water > Ground Water Processes/Measurements",	"regular",	"Earth Science > Terrestrial Hydrosphere > Ground Water > Ground Water Processes/Measurements"
"Water Table",	"ecbe9f17-6012-4e39-a707-713973b7d167",	"Terrestrial Hydrosphere > Ground Water > Ground Water Features > Water Table",	"regular",	"Earth Science > Terrestrial Hydrosphere > Ground Water > Ground Water Features > Water Table"
"Freshwater Springs",	"c87c086a-933f-44c7-a128-33279b36d7b5",	"Terrestrial Hydrosphere > Ground Water > Ground Water Features > Freshwater Springs",	"regular",	"Earth Science > Terrestrial Hydrosphere > Ground Water > Ground Water Features > Freshwater Springs"
"Aquifers",	"a957363b-2f2c-4169-a656-c2f24933eb72",	"Terrestrial Hydrosphere > Ground Water > Ground Water Features > Aquifers",	"regular",	"Earth Science > Terrestrial Hydrosphere > Ground Water > Ground Water Features > Aquifers"
"Ground Water Features",	"ae94befb-d08e-4350-8ebe-c0ba7ded8320",	"Terrestrial Hydrosphere > Ground Water > Ground Water Features",	"regular",	"Earth Science > Terrestrial Hydrosphere > Ground Water > Ground Water Features"
"Ground Water",	"734f8f27-6976-4b67-8794-c7fc79d6161e",	"Terrestrial Hydrosphere > Ground Water",	"bold",	"Earth Science > Terrestrial Hydrosphere > Ground Water"
"Terrestrial Hydrosphere",	"885735f3-121e-4ca0-ac8b-f37dbc972f03",	"Terrestrial Hydrosphere",	"bold",	"Earth Science > Terrestrial Hydrosphere"
"Volcanic Activity",	"1faaede0-2cd6-4447-b28b-0a28d9e2d067",	"Solid Earth > Tectonics > Volcanic Activity",	"regular",	"Earth Science > Solid Earth > Tectonics > Volcanic Activity"
"Tectonics",	"1e17c8d3-81d0-473c-8f24-d2a4ea52b6b9",	"Solid Earth > Tectonics",	"regular",	"Earth Science > Solid Earth > Tectonics"
"Rocks/Minerals/Crystals",	"ba8d7f68-ad3a-4874-bc75-312b24b1b1ac",	"Solid Earth > Rocks/Minerals/Crystals",	"regular",	"Earth Science > Solid Earth > Rocks/Minerals/Crystals"
"Gravity Anomalies",	"fb7eeee0-9ad1-40f8-baa2-df7dc3acb6d3",	"Solid Earth > Gravity/Gravitational Field > Gravity Anomalies",	"regular",	"Earth Science > Solid Earth > Gravity/Gravitational Field > Gravity Anomalies"
"Gravity",	"69af3046-08e0-4c24-981d-803c0412ce58",	"Solid Earth > Gravity/Gravitational Field > Gravity",	"regular",	"Earth Science > Solid Earth > Gravity/Gravitational Field > Gravity"
"Gravitational Field",	"56b4cbe5-e5f7-4e61-8c48-bbb858b505e6",	"Solid Earth > Gravity/Gravitational Field > Gravitational Field",	"regular",	"Earth Science > Solid Earth > Gravity/Gravitational Field > Gravitational Field"
"Geothermal Dynamics",	"ec2bf43d-2525-439e-bbbe-0db758e71965",	"Solid Earth > Geothermal Dynamics",	"regular",	"Earth Science > Solid Earth > Geothermal Dynamics"
"Fluvial Processes",	"6f47ae88-f28f-43e3-be6a-34f86b15fe19",	"Solid Earth > Geomorphic Landforms/Processes > Fluvial Processes",	"regular",	"Earth Science > Solid Earth > Geomorphic Landforms/Processes > Fluvial Processes"
"Fluvial Landforms",	"cb5193ab-2d7a-4b35-b7ec-f16ce78ae270",	"Solid Earth > Geomorphic Landforms/Processes > Fluvial Landforms",	"regular",	"Earth Science > Solid Earth > Geomorphic Landforms/Processes > Fluvial Landforms"
"Coastal Processes",	"672d6958-4bbc-4b33-adc8-927e4348908b",	"Solid Earth > Geomorphic Landforms/Processes > Coastal Processes",	"regular",	"Earth Science > Solid Earth > Geomorphic Landforms/Processes > Coastal Processes"
"Coastal Landforms",	"c58320e6-3f1d-4c36-9bee-6bad73404c21",	"Solid Earth > Geomorphic Landforms/Processes > Coastal Landforms",	"regular",	"Earth Science > Solid Earth > Geomorphic Landforms/Processes > Coastal Landforms"
"Geomorphic Landforms/Processes",	"b5cb1fab-7281-478f-bb3b-ff04f900b3fc",	"Solid Earth > Geomorphic Landforms/Processes",	"regular",	"Earth Science > Solid Earth > Geomorphic Landforms/Processes"
"Marine Geochemical Processes",	"5cef2f41-a17a-4eff-8ce4-328593e1b703",	"Solid Earth > Geochemistry > Marine Geochemical Processes",	"regular",	"Earth Science > Solid Earth > Geochemistry > Marine Geochemical Processes"
"Geochemical Processes",	"e6fb1b81-8ffc-486f-b1a1-2f292af8cee6",	"Solid Earth > Geochemistry > Geochemical Processes",	"regular",	"Earth Science > Solid Earth > Geochemistry > Geochemical Processes"
"Biogeochemical Processes",	"b472632f-8e67-4892-9896-1c14c5089682",	"Solid Earth > Geochemistry > Biogeochemical Processes",	"regular",	"Earth Science > Solid Earth > Geochemistry > Biogeochemical Processes"
"Geochemistry",	"906e647b-2683-4ae7-9986-1aea15582b52",	"Solid Earth > Geochemistry",	"regular",	"Earth Science > Solid Earth > Geochemistry"
"Solid Earth",	"2b9ad978-d986-4d63-b477-0f5efc8ace72",	"Solid Earth",	"bold",	"Earth Science > Solid Earth"
"Storm Surge",	"062be713-9c35-458e-86e2-26cea9415f5d",	"Oceans > Tides > Storm Surge",	"regular",	"Earth Science > Oceans > Tides > Storm Surge"
"Tides",	"e3bef663-6116-4f15-995c-38c7cdc9652c",	"Oceans > Tides",	"regular",	"Earth Science > Oceans > Tides"
"Salinity",	"7e95b5fc-1d58-431a-af36-948b29fa870d",	"Oceans > Salinity/Density > Salinity",	"regular",	"Earth Science > Oceans > Salinity/Density > Salinity"
"Desalinization",	"41926d67-161a-4add-bb12-66038c919efb",	"Oceans > Salinity/Density > Desalinization",	"regular",	"Earth Science > Oceans > Salinity/Density > Desalinization"
"Density",	"007ab607-2ee1-484d-85fb-0bfb89f18c9b",	"Oceans > Salinity/Density > Density",	"regular",	"Earth Science > Oceans > Salinity/Density > Density"
"Ocean Temperature",	"251c87cd-03b3-464f-8390-8ede2fec28fc",	"Oceans > Ocean Temperature",	"regular",	"Earth Science > Oceans > Ocean Temperature"
"Phosphate",	"0b513d8c-bfd3-44ee-976e-42757b8375a2",	"Oceans > Ocean Chemistry > Phosphate",	"regular",	"Earth Science > Oceans > Ocean Chemistry > Phosphate"
"Nitrogen",	"db5357c9-cc9d-4693-86fe-6bb88555d434",	"Oceans > Ocean Chemistry > Nitrogen",	"regular",	"Earth Science > Oceans > Ocean Chemistry > Nitrogen"
"Marine Geochemistry",	"1dfb36a3-f985-4514-a1d0-cc73ca572922",	"Oceans > Ocean Chemistry > Marine Geochemistry",	"regular",	"Earth Science > Oceans > Ocean Chemistry > Marine Geochemistry"
"Ocean Chemistry",	"6eb3919b-85ce-4988-8b78-9d0018fd8089",	"Oceans > Ocean Chemistry",	"bold",	"Earth Science > Oceans > Ocean Chemistry"
"Marine Volcanism",	"e3b178eb-2d47-41db-aba1-43a05e9e9256",	"Oceans > Marine Volcanism",	"regular",	"Earth Science > Oceans > Marine Volcanism"
"Marine Geophysics",	"bb04ee83-bf49-4f96-898d-20bb6e92bc93",	"Oceans > Marine Geophysics",	"regular",	"Earth Science > Oceans > Marine Geophysics"
"Water Depth",	"ca477721-473b-40d7-a72b-4ffa963e48fb",	"Oceans > Bathymetry/Seafloor Topography > Water Depth",	"regular",	"Earth Science > Oceans > Bathymetry/Seafloor Topography > Water Depth"
"Bathymetry/Seafloor Topography",	"c16bda61-353b-4668-af2f-bbb98785b6fa",	"Oceans > Bathymetry/Seafloor Topography",	"regular",	"Earth Science > Oceans > Bathymetry/Seafloor Topography"
"Fisheries",	"fa57b0a0-9723-4195-bdd1-4f26aefa0e07",	"Oceans > Aquatic Sciences > Fisheries",	"regular",	"Earth Science > Oceans > Aquatic Sciences > Fisheries"
"Aquaculture",	"f6c057c9-c789-4cd5-ba22-e9b08aae152b",	"Oceans > Aquatic Sciences > Aquaculture",	"regular",	"Earth Science > Oceans > Aquatic Sciences > Aquaculture"
"Aquatic Sciences",	"f27ad52c-3dfd-4788-851a-427e60ae1b8f",	"Oceans > Aquatic Sciences",	"regular",	"Earth Science > Oceans > Aquatic Sciences"
"Oceans",	"91697b7d-8f2b-4954-850e-61d5f61c867d",	"Oceans",	"bold",	"Earth Science > Oceans"
"Topography",	"3e822484-c94a-457b-a32f-376fcbd6fd35",	"Land Surface > Topography",	"regular",	"Earth Science > Land Surface > Topography"
"Soils",	"3526afb8-0dc9-43c7-8ad4-f34f250a1e91",	"Land Surface > Soils",	"regular",	"Earth Science > Land Surface > Soils"
"Landscape",	"f36d71c6-f2ad-49c4-809f-09b4f0688412",	"Land Surface > Landscape",	"regular",	"Earth Science > Land Surface > Landscape"
"Land Use Classes",	"fe2f8240-4d8e-4b1f-b869-29fee59692f7",	"Land Surface > Land Use/Land Cover > Land Use Classes",	"regular",	"Earth Science > Land Surface > Land Use/Land Cover > Land Use Classes"
"Land Use/Land Cover",	"e5815f58-8232-4c7f-b50d-ea71d73891a9",	"Land Surface > Land Use/Land Cover",	"regular",	"Earth Science > Land Surface > Land Use/Land Cover"
"Tectonic Processes",	"99b4792a-9ea3-4756-a4dc-b1b30c946b54",	"Land Surface > Geomorphic Landforms/Processes > Tectonic Processes",	"regular",	"Earth Science > Land Surface > Geomorphic Landforms/Processes > Tectonic Processes"
"Tectonic Landforms",	"9673dc0b-89c0-4f0c-b378-f1c8cb267c8f",	"Land Surface > Geomorphic Landforms/Processes > Tectonic Landforms",	"regular",	"Earth Science > Land Surface > Geomorphic Landforms/Processes > Tectonic Landforms"
"Erosion/Sedimentation",	"a246a8cf-e3f9-4045-af9f-dc97f6fe019a",	"Land Surface > Erosion/Sedimentation",	"regular",	"Earth Science > Land Surface > Erosion/Sedimentation"
"Land Surface",	"6a426480-c58f-4b6b-8e35-0975b7f6edb5",	"Land Surface",	"bold",	"Earth Science > Land Surface"
"Sustainability",	"03d38261-1c90-491b-bc4e-cc4e703e1dff",	"Human Dimensions > Sustainability",	"regular",	"Earth Science > Human Dimensions > Sustainability"
"Socioeconomics",	"a96e6cd6-0f35-491d-8198-7551d03e1cbc",	"Human Dimensions > Socioeconomics",	"regular",	"Earth Science > Human Dimensions > Socioeconomics"
"Social Behavior",	"c8317644-4cb2-4e37-b536-c762f7e670ab",	"Human Dimensions > Social Behavior",	"regular",	"Earth Science > Human Dimensions > Social Behavior"
"Public Health",	"da2c70fd-d92b-45be-b159-b2c10cb387c6",	"Human Dimensions > Public Health",	"regular",	"Earth Science > Human Dimensions > Public Health"
"Population",	"085edf65-1c8c-414a-b8e4-a1a08ff08f22",	"Human Dimensions > Population",	"regular",	"Earth Science > Human Dimensions > Population"
"Wildfires",	"868b87a1-d8c2-49b3-8bbd-9cbbed115271",	"Human Dimensions > Natural Hazards > Wildfires",	"regular",	"Earth Science > Human Dimensions > Natural Hazards > Wildfires"
"Volcanic Eruptions",	"06c1281f-e306-4511-bdab-ed6c0694f0f9",	"Human Dimensions > Natural Hazards > Volcanic Eruptions",	"regular",	"Earth Science > Human Dimensions > Natural Hazards > Volcanic Eruptions"
"Tsunamis",	"768f266e-0807-49c6-a69e-c518de310331",	"Human Dimensions > Natural Hazards > Tsunamis",	"regular",	"Earth Science > Human Dimensions > Natural Hazards > Tsunamis"
"Tropical Cyclones",	"00fc45e0-400d-4024-a82a-4d6544735f64",	"Human Dimensions > Natural Hazards > Tropical Cyclones",	"regular",	"Earth Science > Human Dimensions > Natural Hazards > Tropical Cyclones"
"Tornadoes",	"ff44a7b0-64b6-418a-9d74-1cbc3a4ae951",	"Human Dimensions > Natural Hazards > Tornadoes",	"regular",	"Earth Science > Human Dimensions > Natural Hazards > Tornadoes"
"Severe Storms",	"ad28623e-bb9b-433c-8fc1-2ab06dda58c4",	"Human Dimensions > Natural Hazards > Severe Storms",	"regular",	"Earth Science > Human Dimensions > Natural Hazards > Severe Storms"
"Landslides",	"f81d3752-d97c-4caf-9a79-5709ee693158",	"Human Dimensions > Natural Hazards > Landslides",	"regular",	"Earth Science > Human Dimensions > Natural Hazards > Landslides"
"Heat",	"bb9c9be6-78c7-4fbd-9a35-a218276393ec",	"Human Dimensions > Natural Hazards > Heat",	"regular",	"Earth Science > Human Dimensions > Natural Hazards > Heat"
"Floods",	"fd03d204-4391-4e98-8142-8b8efa235231",	"Human Dimensions > Natural Hazards > Floods",	"regular",	"Earth Science > Human Dimensions > Natural Hazards > Floods"
"Earthquakes",	"b3406120-9faa-4c00-874e-ce8878ae129f",	"Human Dimensions > Natural Hazards > Earthquakes",	"regular",	"Earth Science > Human Dimensions > Natural Hazards > Earthquakes"
"Droughts",	"115d340f-cb5e-4436-bfa4-04a740988bf7",	"Human Dimensions > Natural Hazards > Droughts",	"regular",	"Earth Science > Human Dimensions > Natural Hazards > Droughts"
"Biological Hazards",	"bb73336e-9113-426b-ac99-2b7c143b22ca",	"Human Dimensions > Natural Hazards > Biological Hazards",	"regular",	"Earth Science > Human Dimensions > Natural Hazards > Biological Hazards"
"Natural Hazards",	"ec0e2762-f57a-4fdc-b395-c8d7d5590d18",	"Human Dimensions > Natural Hazards",	"regular",	"Earth Science > Human Dimensions > Natural Hazards"
"Infrastructure",	"d4313915-2d24-424c-a171-30ee9a6f4bb5",	"Human Dimensions > Infrastructure",	"regular",	"Earth Science > Human Dimensions > Infrastructure"
"Urban Areas",	"e4abd82b-b17a-4f16-be79-0093f2a09f7d",	"Human Dimensions > Human Settlements > Urban Areas",	"regular",	"Earth Science > Human Dimensions > Human Settlements > Urban Areas"
"Rural Areas",	"d83b4271-048c-4763-9d5c-b5ec1b1788f4",	"Human Dimensions > Human Settlements > Rural Areas",	"regular",	"Earth Science > Human Dimensions > Human Settlements > Rural Areas"
"Coastal Areas",	"b1f63bf1-a547-4189-9c7e-66a8d11facc4",	"Human Dimensions > Human Settlements > Coastal Areas",	"regular",	"Earth Science > Human Dimensions > Human Settlements > Coastal Areas"
"Archaeological Areas",	"bf703f22-9775-460d-86bd-149aaef1acde",	"Human Dimensions > Human Settlements > Archaeological Areas",	"regular",	"Earth Science > Human Dimensions > Human Settlements > Archaeological Areas"
"Human Settlements",	"fee25cad-7ffe-4ee2-a6f2-8116b8a0a707",	"Human Dimensions > Human Settlements",	"regular",	"Earth Science > Human Dimensions > Human Settlements"
"Habitat Conversion/Fragmentation",	"f1682ed1-2d9c-41ec-9553-49b9ab55df9b",	"Human Dimensions > Habitat Conversion/Fragmentation",	"regular",	"Earth Science > Human Dimensions > Habitat Conversion/Fragmentation"
"Sewage Disposal",	"835c5ec2-50e3-4bef-b380-9f74b143dac6",	"Human Dimensions > Environmental Impacts > Sewage Disposal",	"regular",	"Earth Science > Human Dimensions > Environmental Impacts > Sewage Disposal"
"Contaminant Levels/Spills",	"912245ce-a81e-4d3b-b4fb-f71c8da63357",	"Human Dimensions > Environmental Impacts > Contaminant Levels/Spills",	"regular",	"Earth Science > Human Dimensions > Environmental Impacts > Contaminant Levels/Spills"
"Conservation",	"40869a25-edea-4438-80f9-47c9e6910b9b",	"Human Dimensions > Environmental Impacts > Conservation",	"regular",	"Earth Science > Human Dimensions > Environmental Impacts > Conservation"
"Chemical Spills",	"a5b074da-5e00-4fd9-9c40-cfec771263ee",	"Human Dimensions > Environmental Impacts > Chemical Spills",	"regular",	"Earth Science > Human Dimensions > Environmental Impacts > Chemical Spills"
"Agricultural Expansion",	"d076e628-320a-477b-aad9-07d87ca04993",	"Human Dimensions > Environmental Impacts > Agricultural Expansion",	"regular",	"Earth Science > Human Dimensions > Environmental Impacts > Agricultural Expansion"
"Environmental Impacts",	"3f4cfc81-7745-43d9-b313-f68cdf72359b",	"Human Dimensions > Environmental Impacts",	"regular",	"Earth Science > Human Dimensions > Environmental Impacts"
"Water Management",	"14555831-70ae-4650-8983-956d65595575",	"Human Dimensions > Environmental Governance/Management > Water Management",	"regular",	"Earth Science > Human Dimensions > Environmental Governance/Management > Water Management"
"Treaty Agreements/Results",	"4dad174d-9419-4634-84f0-7eeb1d517241",	"Human Dimensions > Environmental Governance/Management > Treaty Agreements/Results",	"regular",	"Earth Science > Human Dimensions > Environmental Governance/Management > Treaty Agreements/Results"
"Land Tenure",	"0ceb5ef1-5a07-4f93-8e86-d3cc2baf5768",	"Human Dimensions > Environmental Governance/Management > Land Management > Land Tenure",	"regular",	"Earth Science > Human Dimensions > Environmental Governance/Management > Land Management > Land Tenure"
"Land Management",	"2be0af28-a6b8-4fce-82e4-1ad86788a4d5",	"Human Dimensions > Environmental Governance/Management > Land Management",	"regular",	"Earth Science > Human Dimensions > Environmental Governance/Management > Land Management"
"Environmental Governance/Management",	"d81b77be-0177-4e26-942c-aa911239482d",	"Human Dimensions > Environmental Governance/Management",	"regular",	"Earth Science > Human Dimensions > Environmental Governance/Management"
"Mariculture Production",	"49da5018-59ec-4a60-9cb9-614ea6266ced",	"Human Dimensions > Economic Resources > Mariculture Production",	"regular",	"Earth Science > Human Dimensions > Economic Resources > Mariculture Production"
"Aquaculture Production",	"392d3da2-c03c-4aa5-bf60-417984f824a6",	"Human Dimensions > Economic Resources > Aquaculture Production",	"regular",	"Earth Science > Human Dimensions > Economic Resources > Aquaculture Production"
"Agriculture Production",	"83741fb9-6f86-4670-abbb-c1f3b14a939d",	"Human Dimensions > Economic Resources > Agriculture Production",	"regular",	"Earth Science > Human Dimensions > Economic Resources > Agriculture Production"
"Economic Resources",	"cdbe5ef5-408d-489d-b6ff-4482ce4a99c7",	"Human Dimensions > Economic Resources",	"regular",	"Earth Science > Human Dimensions > Economic Resources"
"Political Divisions",	"3381412c-54f0-4911-85ef-81d669c896cf",	"Human Dimensions > Boundaries > Political Divisions",	"regular",	"Earth Science > Human Dimensions > Boundaries > Political Divisions"
"Boundary Surveys",	"8064b11d-8f9f-4c89-94fd-8a7cba95bb64",	"Human Dimensions > Boundaries > Boundary Surveys",	"regular",	"Earth Science > Human Dimensions > Boundaries > Boundary Surveys"
"Administrative Divisions",	"1ae304de-252c-45da-8dd8-df99a281e4f4",	"Human Dimensions > Boundaries > Administrative Divisions",	"regular",	"Earth Science > Human Dimensions > Boundaries > Administrative Divisions"
"Boundaries",	"07a856fd-75e2-46e8-91eb-8a8562d3452f",	"Human Dimensions > Boundaries",	"regular",	"Earth Science > Human Dimensions > Boundaries"
"Human Dimensions",	"fb93d937-c17c-45d0-a9e3-ca5c8a800ca8",	"Human Dimensions",	"bold",	"Earth Science > Human Dimensions"
"Freshwater Runoff",	"915399a1-eb5b-475b-ae9a-ff45f1dcddc9",	"Climate Indicators > Terrestrial Hydrosphere Indicators > Freshwater Runoff",	"regular",	"Earth Science > Climate Indicators > Terrestrial Hydrosphere Indicators > Freshwater Runoff"
"Terrestrial Hydrosphere Indicators",	"9246fc12-17e7-4473-b9c0-c23e4bfc4eda",	"Climate Indicators > Terrestrial Hydrosphere Indicators",	"regular",	"Earth Science > Climate Indicators > Terrestrial Hydrosphere Indicators"
"Range Changes",	"f5c63c23-f819-46e8-bc97-1e894424c00c",	"Climate Indicators > Biospheric Indicators > Range Changes",	"regular",	"Earth Science > Climate Indicators > Biospheric Indicators > Range Changes"
"Invasive Species",	"93c8b32d-ab89-43e1-b58c-f1823fa7d118",	"Climate Indicators > Biospheric Indicators > Invasive Species",	"regular",	"Earth Science > Climate Indicators > Biospheric Indicators > Invasive Species"
"Biospheric Indicators",	"76943142-e5a9-4ecf-b496-050dd3d97101",	"Climate Indicators > Biospheric Indicators",	"regular",	"Earth Science > Climate Indicators > Biospheric Indicators"
"Residential Energy Demand Temperature Index",	"f19ff7fb-fd8b-433c-88e2-afc5dd3ee7b2",	"Climate Indicators > Atmospheric/Ocean Indicators > Temperature Indices > Residential Energy Demand Temperature Index",	"regular",	"Earth Science > Climate Indicators > Atmospheric/Ocean Indicators > Temperature Indices > Residential Energy Demand Temperature Index"
"Heating Degree Days",	"fe2bc223-e503-4ca1-924c-d3fd5876721c",	"Climate Indicators > Atmospheric/Ocean Indicators > Temperature Indices > Heating Degree Days",	"regular",	"Earth Science > Climate Indicators > Atmospheric/Ocean Indicators > Temperature Indices > Heating Degree Days"
"Temperature Variability",	"7013bdc9-519d-42b6-827c-4b8013fbb726",	"Climate Indicators > Atmospheric/Ocean Indicators > Temperature Indicators > Temperature Variability",	"regular",	"Earth Science > Climate Indicators > Atmospheric/Ocean Indicators > Temperature Indicators > Temperature Variability"
"Temperature Trends",	"ae247e59-db82-45ac-a9de-a9773ae4db40",	"Climate Indicators > Atmospheric/Ocean Indicators > Temperature Indicators > Temperature Trends",	"regular",	"Earth Science > Climate Indicators > Atmospheric/Ocean Indicators > Temperature Indicators > Temperature Trends"
"Temperature Indicators",	"2dcffd8f-2b01-4c68-a4f2-c4940d2709a3",	"Climate Indicators > Atmospheric/Ocean Indicators > Temperature Indicators",	"regular",	"Earth Science > Climate Indicators > Atmospheric/Ocean Indicators > Temperature Indicators"
"El Nino Southern Oscillation (Enso)",	"095a05c0-6220-4abd-9c1b-c4504a092d7d",	"Climate Indicators > Atmospheric/Ocean Indicators > Teleconnections > El Nino Southern Oscillation (Enso)",	"regular",	"Earth Science > Climate Indicators > Atmospheric/Ocean Indicators > Teleconnections > El Nino Southern Oscillation (Enso)"
"Eastern Pacific Oscillation",	"0384fecd-9303-47f3-84e3-f01f58013fc3",	"Climate Indicators > Atmospheric/Ocean Indicators > Teleconnections > Eastern Pacific Oscillation",	"regular",	"Earth Science > Climate Indicators > Atmospheric/Ocean Indicators > Teleconnections > Eastern Pacific Oscillation"
"Surface Salinity",	"1d8525f0-0cfc-4d59-8677-da5c8038deb7",	"Climate Indicators > Atmospheric/Ocean Indicators > Surface Salinity",	"regular",	"Earth Science > Climate Indicators > Atmospheric/Ocean Indicators > Surface Salinity"
"Sea Surface Temperature Indices",	"b83895e9-bac8-49fe-bcf5-8fe4d8fcaa16",	"Climate Indicators > Atmospheric/Ocean Indicators > Sea Surface Temperature Indices",	"regular",	"Earth Science > Climate Indicators > Atmospheric/Ocean Indicators > Sea Surface Temperature Indices"
"Sea Level Rise",	"536a86bd-3dd1-4f4a-9b4a-222a12746db5",	"Climate Indicators > Atmospheric/Ocean Indicators > Sea Level Rise",	"regular",	"Earth Science > Climate Indicators > Atmospheric/Ocean Indicators > Sea Level Rise"
"Precipitation Indices",	"52347642-9786-4b59-be77-02e9f307118d",	"Climate Indicators > Atmospheric/Ocean Indicators > Precipitation Indices",	"regular",	"Earth Science > Climate Indicators > Atmospheric/Ocean Indicators > Precipitation Indices"
"Precipitation Variability",	"c7c88080-660c-4913-8140-5f3bc91e295e",	"Climate Indicators > Atmospheric/Ocean Indicators > Precipitation Indicators > Precipitation Variability",	"regular",	"Earth Science > Climate Indicators > Atmospheric/Ocean Indicators > Precipitation Indicators > Precipitation Variability"
"Precipitation Trends",	"279961c4-dac3-4188-917f-fa11982f957e",	"Climate Indicators > Atmospheric/Ocean Indicators > Precipitation Indicators > Precipitation Trends",	"regular",	"Earth Science > Climate Indicators > Atmospheric/Ocean Indicators > Precipitation Indicators > Precipitation Trends"
"Precipitation Indicators",	"789939a6-3cd5-46f3-bdfd-5cdd6a012500",	"Climate Indicators > Atmospheric/Ocean Indicators > Precipitation Indicators",	"regular",	"Earth Science > Climate Indicators > Atmospheric/Ocean Indicators > Precipitation Indicators"
"Fresh Water River Discharge",	"12dc1f4f-2116-4b74-a1bd-bc61e8e57a5b",	"Climate Indicators > Atmospheric/Ocean Indicators > Fresh Water River Discharge",	"regular",	"Earth Science > Climate Indicators > Atmospheric/Ocean Indicators > Fresh Water River Discharge"
"Tropical Or Extratropical Cyclone Frequency/Intensity",	"a85b812e-e4d2-4dce-bf67-d89a3e1a9122",	"Climate Indicators > Atmospheric/Ocean Indicators > Extreme Weather > Tropical Or Extratropical Cyclone Frequency/Intensity",	"regular",	"Earth Science > Climate Indicators > Atmospheric/Ocean Indicators > Extreme Weather > Tropical Or Extratropical Cyclone Frequency/Intensity"
"Heat/Cold Wave Frequency/Intensity",	"079e6699-efbf-4358-9047-b668b459fc22",	"Climate Indicators > Atmospheric/Ocean Indicators > Extreme Weather > Heat/Cold Wave Frequency/Intensity",	"regular",	"Earth Science > Climate Indicators > Atmospheric/Ocean Indicators > Extreme Weather > Heat/Cold Wave Frequency/Intensity"
"Extreme Precipitation",	"fc5a1b7a-5ee8-4d67-80f5-a57e3f1734ab",	"Climate Indicators > Atmospheric/Ocean Indicators > Extreme Weather > Extreme Precipitation",	"regular",	"Earth Science > Climate Indicators > Atmospheric/Ocean Indicators > Extreme Weather > Extreme Precipitation"
"Extreme Drought",	"e4c806af-ab57-4fda-b7e9-29e3c65f6ec5",	"Climate Indicators > Atmospheric/Ocean Indicators > Extreme Weather > Extreme Drought",	"regular",	"Earth Science > Climate Indicators > Atmospheric/Ocean Indicators > Extreme Weather > Extreme Drought"
"Extreme Weather",	"b29b46ad-f05f-4144-b965-5f606ce96963",	"Climate Indicators > Atmospheric/Ocean Indicators > Extreme Weather",	"regular",	"Earth Science > Climate Indicators > Atmospheric/Ocean Indicators > Extreme Weather"
"Atmospheric/Ocean Indicators",	"5273c8c2-d30b-4666-b2d5-0388ce2741d0",	"Climate Indicators > Atmospheric/Ocean Indicators",	"regular",	"Earth Science > Climate Indicators > Atmospheric/Ocean Indicators"
"Climate Indicators",	"23703b6b-ee15-4512-b5b2-f441547e2edf",	"Climate Indicators",	"bold",	"Earth Science > Climate Indicators"
"Vegetation Species",	"de0ace5c-fa2b-47ca-93db-79d8df7ab6f2",	"Biosphere > Vegetation > Vegetation Species",	"regular",	"Earth Science > Biosphere > Vegetation > Vegetation Species"
"Vegetation Cover",	"5bdb3251-4811-439c-b172-9bbcd98e84b3",	"Biosphere > Vegetation > Vegetation Cover",	"regular",	"Earth Science > Biosphere > Vegetation > Vegetation Cover"
"Reforestation",	"fe6b37b9-f95a-491e-a58e-22aa66be9a9d",	"Biosphere > Vegetation > Reforestation",	"regular",	"Earth Science > Biosphere > Vegetation > Reforestation"
"Reclamation/Revegetation/Restoration",	"86dfb9ca-6587-4a91-b397-f220bb48a1eb",	"Biosphere > Vegetation > Reclamation/Revegetation/Restoration",	"regular",	"Earth Science > Biosphere > Vegetation > Reclamation/Revegetation/Restoration"
"Indigenous Vegetation",	"0bfb8ae4-c08a-4d69-82d2-1b1b0d4acef6",	"Biosphere > Vegetation > Indigenous Vegetation",	"regular",	"Earth Science > Biosphere > Vegetation > Indigenous Vegetation"
"Forest Composition/Vegetation Structure",	"a8d3f9a0-be0b-4690-86b9-ac64d951886a",	"Biosphere > Vegetation > Forest Composition/Vegetation Structure",	"regular",	"Earth Science > Biosphere > Vegetation > Forest Composition/Vegetation Structure"
"Exotic Vegetation",	"f717330e-3656-4910-beed-d54cc9a19c2b",	"Biosphere > Vegetation > Exotic Vegetation",	"regular",	"Earth Science > Biosphere > Vegetation > Exotic Vegetation"
"Biomass",	"686feba9-87ba-474c-8280-7f67565cfb2f",	"Biosphere > Vegetation > Biomass",	"regular",	"Earth Science > Biosphere > Vegetation > Biomass"
"Afforestation/Reforestation",	"a28eeef3-b252-4309-957b-860d2e0f97ef",	"Biosphere > Vegetation > Afforestation/Reforestation",	"regular",	"Earth Science > Biosphere > Vegetation > Afforestation/Reforestation"
"Vegetation",	"c7b5c02c-724d-4a19-b824-98180f3900c9",	"Biosphere > Vegetation",	"bold",	"Earth Science > Biosphere > Vegetation"
"Shrubland/Scrub",	"e018b139-7e05-4155-8e2e-8d5603b5fe47",	"Biosphere > Ecosystems > Terrestrial Ecosystems > Shrubland/Scrub",	"regular",	"Earth Science > Biosphere > Ecosystems > Terrestrial Ecosystems > Shrubland/Scrub"
"Islands",	"fa3c6df8-a1e1-41d5-9de1-49b92e1ea455",	"Biosphere > Ecosystems > Terrestrial Ecosystems > Islands",	"regular",	"Earth Science > Biosphere > Ecosystems > Terrestrial Ecosystems > Islands"
"Grasslands",	"142ea0c1-b77f-44da-8c64-ac7ee13fd5f6",	"Biosphere > Ecosystems > Terrestrial Ecosystems > Grasslands",	"regular",	"Earth Science > Biosphere > Ecosystems > Terrestrial Ecosystems > Grasslands"
"Forests",	"46e4aaa4-349c-4049-a910-035391360010",	"Biosphere > Ecosystems > Terrestrial Ecosystems > Forests",	"regular",	"Earth Science > Biosphere > Ecosystems > Terrestrial Ecosystems > Forests"
"Cave/Subterranean",	"91f6a2e5-5862-46a9-ba6a-d76e06d9997c",	"Biosphere > Ecosystems > Terrestrial Ecosystems > Cave/Subterranean",	"regular",	"Earth Science > Biosphere > Ecosystems > Terrestrial Ecosystems > Cave/Subterranean"
"Terrestrial Ecosystems",	"9361962c-cfc7-4428-8843-b3502718c382",	"Biosphere > Ecosystems > Terrestrial Ecosystems",	"regular",	"Earth Science > Biosphere > Ecosystems > Terrestrial Ecosystems"
"Coral Reef",	"fa3bc02d-31a7-4456-b716-a8b8f8393c86",	"Biosphere > Ecosystems > Marine Ecosystems > Reef > Coral Reef",	"regular",	"Earth Science > Biosphere > Ecosystems > Marine Ecosystems > Reef > Coral Reef"
"Anchialine Ponds",	"155e730b-4e22-4962-adc5-a4b92543a442_Detailed-Variable-added-by-Ouida-Meier-20170628",	"Biosphere > Ecosystems > Marine Ecosystems > Estuary > Brackish Marsh > Anchialine Ponds",	"regular",	"Earth Science > Biosphere > Ecosystems > Marine Ecosystems > Estuary > Brackish Marsh > Anchialine Ponds"
"Estuary",	"5a1ebca4-057d-43b9-af6a-04f57b93f8bb",	"Biosphere > Ecosystems > Marine Ecosystems > Estuary",	"regular",	"Earth Science > Biosphere > Ecosystems > Marine Ecosystems > Estuary"
"Coastal",	"47be68db-d10d-43e7-b150-61cfd3f06126",	"Biosphere > Ecosystems > Marine Ecosystems > Coastal",	"regular",	"Earth Science > Biosphere > Ecosystems > Marine Ecosystems > Coastal"
"Benthic",	"09a78997-581b-4d1b-ae71-b2b3f96ef719",	"Biosphere > Ecosystems > Marine Ecosystems > Benthic",	"regular",	"Earth Science > Biosphere > Ecosystems > Marine Ecosystems > Benthic"
"Marine Ecosystems",	"f6350232-b1c7-458c-bc43-bda357ebb6db",	"Biosphere > Ecosystems > Marine Ecosystems",	"regular",	"Earth Science > Biosphere > Ecosystems > Marine Ecosystems"
"Rivers/Stream",	"43d51c24-0523-4b65-919f-17618c7d72b4",	"Biosphere > Ecosystems > Freshwater Ecosystems > Rivers/Stream",	"regular",	"Earth Science > Biosphere > Ecosystems > Freshwater Ecosystems > Rivers/Stream"
"Lake/Pond",	"57a3a5a7-66b9-4a4a-82da-7b09d82c684a",	"Biosphere > Ecosystems > Freshwater Ecosystems > Lake/Pond",	"regular",	"Earth Science > Biosphere > Ecosystems > Freshwater Ecosystems > Lake/Pond"
"Freshwater Ecosystems",	"ad73e951-fb5b-4a0b-b034-9469a8bfccaa",	"Biosphere > Ecosystems > Freshwater Ecosystems",	"regular",	"Earth Science > Biosphere > Ecosystems > Freshwater Ecosystems"
"Wetlands",	"b72c49a1-8276-4753-8c88-894bc7bbf60d",	"Biosphere > Ecosystems > Aquatic Ecosystems > Wetlands",	"regular",	"Earth Science > Biosphere > Ecosystems > Aquatic Ecosystems > Wetlands"
"Aquatic Ecosystems",	"c6455081-132d-4661-bb5f-22edf2f90800",	"Biosphere > Ecosystems > Aquatic Ecosystems",	"regular",	"Earth Science > Biosphere > Ecosystems > Aquatic Ecosystems"
"Urban Lands",	"3e59af3d-500b-4c66-a9a1-76db5cf4a00b",	"Biosphere > Ecosystems > Anthropogenic/Human Influenced Ecosystems > Urban Lands",	"regular",	"Earth Science > Biosphere > Ecosystems > Anthropogenic/Human Influenced Ecosystems > Urban Lands"
"Water Impoundment",	"39fa5f62-1c4e-4790-a768-1252c0b51c7b",	"Biosphere > Ecosystems > Anthropogenic/Human Influenced Ecosystems > Resource Development Site > Water Impoundment",	"regular",	"Earth Science > Biosphere > Ecosystems > Anthropogenic/Human Influenced Ecosystems > Resource Development Site > Water Impoundment"
"Resource Development Site",	"8f109871-e6ff-4cef-a5f8-5a3ad981923e",	"Biosphere > Ecosystems > Anthropogenic/Human Influenced Ecosystems > Resource Development Site",	"regular",	"Earth Science > Biosphere > Ecosystems > Anthropogenic/Human Influenced Ecosystems > Resource Development Site"
"Agricultural Lands",	"38fb609b-2a10-4d4f-b2e8-7e51161ec974",	"Biosphere > Ecosystems > Anthropogenic/Human Influenced Ecosystems > Agricultural Lands",	"regular",	"Earth Science > Biosphere > Ecosystems > Anthropogenic/Human Influenced Ecosystems > Agricultural Lands"
"Anthropogenic/Human Influenced Ecosystems",	"c4a619e9-88ba-4dc6-91a6-5f95284d6f80",	"Biosphere > Ecosystems > Anthropogenic/Human Influenced Ecosystems",	"regular",	"Earth Science > Biosphere > Ecosystems > Anthropogenic/Human Influenced Ecosystems"
"Ecosystems",	"f1a25060-330c-4f84-9633-ed59ae8c64bf",	"Biosphere > Ecosystems",	"bold",	"Earth Science > Biosphere > Ecosystems"
"Ecosystem Functions",	"233a4d81-44f8-4b0e-8ad3-695f641729f8",	"Biosphere > Ecological Dynamics > Ecosystem Functions",	"regular",	"Earth Science > Biosphere > Ecological Dynamics > Ecosystem Functions"
"Community Dynamics",	"8fb66b46-b998-4412-a541-d2acabdf484b",	"Biosphere > Ecological Dynamics > Community Dynamics",	"regular",	"Earth Science > Biosphere > Ecological Dynamics > Community Dynamics"
"Ecological Dynamics",	"6bef0291-a9ca-4832-bbb4-80459dc1493f",	"Biosphere > Ecological Dynamics",	"regular",	"Earth Science > Biosphere > Ecological Dynamics"
"Biological Classification",	"fbec5145-79e6-4ed0-a804-6228aa6daba5",	"Biosphere",	"bold",	"Earth Science > Biosphere"
"Biosphere",	"91c64c46-d040-4daa-b26c-61952fdfaf50",	"Biosphere",	"bold",	"Earth Science > Biosphere"
"Macroalgae (Seaweeds)",	"81655dc5-83d3-4daf-81c8-dc1522e9906e",	"Biological Classification > Protists > Macroalgae (Seaweeds)",	"regular",	"Earth Science > Biological Classification > Protists > Macroalgae (Seaweeds)"
"Microalgae",	"d3594523-ba0d-4275-b121-95039f905058",	"Biological Classification > Plants > Microalgae",	"regular",	"Earth Science > Biological Classification > Plants > Microalgae"
"Cyanobacteria (Blue-Green Algae)",	"166de4c9-89ad-4248-b771-512beb1705cf",	"Biological Classification > Bacteria/Archaea > Cyanobacteria (Blue-Green Algae)",	"regular",	"Earth Science > Biological Classification > Bacteria/Archaea > Cyanobacteria (Blue-Green Algae)"
"Bacteria/Archaea",	"7437925f-7e10-4c96-af36-f3532ec24276",	"Biological Classification > Bacteria/Archaea",	"regular",	"Earth Science > Biological Classification > Bacteria/Archaea"
"Fish",	"ea855d4c-f132-44f9-b31c-447e1101684d",	"Biological Classification > Animals/Vertebrates > Fish",	"regular",	"Earth Science > Biological Classification > Animals/Vertebrates > Fish"
"Rain Storms",	"f6b314db-883a-4493-9140-b6afda949710",	"Atmosphere > Weather Events > Rain Storms",	"regular",	"Earth Science > Atmosphere > Weather Events > Rain Storms"
"Weather Events",	"b7d562cf-9b9b-4461-900b-50423a8c4d29",	"Atmosphere > Weather Events",	"regular",	"Earth Science > Atmosphere > Weather Events"
"Precipitation",	"1532e590-a62d-46e3-8d03-2351bc48166a",	"Atmosphere > Precipitation",	"regular",	"Earth Science > Atmosphere > Precipitation"
"Atmosphere",	"c47f6052-634e-40ef-a5ac-13f69f6f4c2a",	"Atmosphere",	"bold",	"Earth Science > Atmosphere"
"Plant Commodities",	"d6560f20-3bef-41c6-8eec-9f913329b9ac",	"Agriculture > Plant Commodities",	"regular",	"Earth Science > Agriculture > Plant Commodities"
"Forest Yields",	"49804617-d59b-4e97-8030-2c4ab79a3057",	"Agriculture > Forest Science > Forest Yields",	"regular",	"Earth Science > Agriculture > Forest Science > Forest Yields"
"Forest Protection",	"adeb4c27-a115-4ced-9827-5f022883f606",	"Agriculture > Forest Science > Forest Protection",	"regular",	"Earth Science > Agriculture > Forest Science > Forest Protection"
"Forest Conservation",	"7ee9d286-0742-4844-b7eb-b7550d3f782b",	"Agriculture > Forest Science > Forest Conservation",	"regular",	"Earth Science > Agriculture > Forest Science > Forest Conservation"
"Forest Science",	"22ec2f9b-1f1a-469b-bc09-851d58637ff4",	"Agriculture > Forest Science",	"regular",	"Earth Science > Agriculture > Forest Science"
"Animal Commodities",	"c9f1a861-2173-4124-962c-759f71b6f131",	"Agriculture > Animal Commodities",	"regular",	"Earth Science > Agriculture > Animal Commodities"
"Weeds Noxious Plants Or Invasive Plants",	"b376a9f9-585e-4567-ba1f-55ef45cfa8df",	"Agriculture > Agricultural Plant Science > Weeds Noxious Plants Or Invasive Plants",	"regular",	"Earth Science > Agriculture > Agricultural Plant Science > Weeds Noxious Plants Or Invasive Plants"
"Plant Diseases/Disorders/Pests",	"213cefd8-806f-40f5-b3ca-05022cde9498",	"Agriculture > Agricultural Plant Science > Plant Diseases/Disorders/Pests",	"regular",	"Earth Science > Agriculture > Agricultural Plant Science > Plant Diseases/Disorders/Pests"
"Irrigation",	"a756fd6b-6208-4af0-ac56-6ee914fc4597",	"Agriculture > Agricultural Plant Science > Irrigation",	"regular",	"Earth Science > Agriculture > Agricultural Plant Science > Irrigation"
"Agricultural Plant Science",	"25be3b9a-9d4c-4b5b-8d24-b1f519913d90",	"Agriculture > Agricultural Plant Science",	"regular",	"Earth Science > Agriculture > Agricultural Plant Science"
"Agricultural Aquatic Sciences",	"ca227ff0-4742-4e51-a763-4582fa28291c",	"Agriculture > Agricultural Aquatic Sciences",	"regular",	"Earth Science > Agriculture > Agricultural Aquatic Sciences"
"Agriculture",	"a956d045-3b12-441c-8a18-fac7d33b2b4e",	"Agriculture",	"bold",	"Earth Science > Agriculture"
"Earth Science",	"e9f67a66-e9fc-435c-b720-ae32a2c3d8f5",	"Earth Science",	"bold",	"Earth Science"